{"sections":{"banner":{"type":"main-collection-banner","disabled":true,"settings":{"show_collection_description":false,"show_collection_image":true,"color_scheme":"background-1"}},"16565569310acee146":{"type":"image-banner","blocks":{"1656556931d6342a7c-0":{"type":"heading","settings":{"heading":"Hemos probado todos nuestros productos para ti, estamos seguros que funcionan","heading_size":"h1"}}},"block_order":["1656556931d6342a7c-0"],"settings":{"image":"shopify:\/\/shop_images\/Pag_productos.png","image_overlay_opacity":0,"image_height":"large","adapt_height_first_image":false,"adapt_height_first_image_mobile":false,"desktop_content_position":"middle-left","show_text_box":false,"desktop_content_alignment":"center","color_scheme":"background-1","mobile_content_alignment":"center","stack_images_on_mobile":true,"show_text_below":true,"custom_classes":"custom-image-banner"}},"16565571255343e362":{"type":"rich-text","blocks":{"16565571242fa8fc22-0":{"type":"heading","settings":{"heading":"<p>Todos nuestros productos<\/p>","heading_size":"h1"}}},"block_order":["16565571242fa8fc22-0"],"settings":{"desktop_content_position":"center","content_alignment":"center","color_scheme":"background-1","full_width":true,"padding_top":40,"padding_bottom":52,"custom_classes":""}},"product-grid":{"type":"main-collection-product-grid","settings":{"products_per_page":16,"columns_desktop":4,"image_ratio":"adapt","show_secondary_image":false,"show_vendor":false,"show_rating":false,"enable_quick_add":false,"enable_filtering":false,"filter_type":"horizontal","enable_sorting":false,"columns_mobile":"2","padding_top":36,"padding_bottom":36}}},"order":["banner","16565569310acee146","16565571255343e362","product-grid"]}