{"sections":{"main":{"type":"main-page","disabled":true,"settings":{"padding_top":28,"padding_bottom":28}},"16570662933183ce88":{"type":"image-banner","blocks":{"165706629390370fac-0":{"type":"heading","settings":{"heading":"Necesitas ayuda?","heading_size":"h1"}}},"block_order":["165706629390370fac-0"],"settings":{"image":"shopify:\/\/shop_images\/AdobeStock_168614269_1_2.jpg","image_overlay_opacity":0,"image_height":"small","adapt_height_first_image":false,"adapt_height_first_image_mobile":false,"desktop_content_position":"middle-left","show_text_box":false,"desktop_content_alignment":"center","color_scheme":"background-1","mobile_content_alignment":"center","stack_images_on_mobile":true,"show_text_below":true,"custom_classes":"custom-image-banner"}},"16566478468ff2e6e2":{"type":"collapsible-content","blocks":{"1656647846c8f107de-0":{"type":"collapsible_row","settings":{"heading":"¿Cómo funcionan los envíos?","icon":"none","row_content":"<p>El envío es gratis a partir de $599, tarda de 3-5 días hábiles y es mandado a través de diferentes paqueterías como Paquetexpress, FedEx o Estafeta.<\/p><p>Si necesita un envío express tiene un costo adicional, favor de comunicarse <a href=\"https:\/\/cutt.ly\/afdR7d4\" target=\"_blank\" title=\"Whatsapp\">aqui<\/a> para solicitarlo.<\/p>","page":""}},"1656647846c8f107de-1":{"type":"collapsible_row","settings":{"heading":"¿Qué garantía tiene?","icon":"none","row_content":"<p>En nuestras pruebas hemos comprobado que en condiciones óptimas, con superficies rectas y lisas y una correcta instalación, nuestros productos retienen hasta el 100% del flujo de agua.<br\/><br\/>Garantía de devolución de 30 días, reembolso del 100%, sin preguntas.<br\/><br\/>Garantía de 3 meses por defecto de fábrica<\/p>","page":""}},"1656647846c8f107de-2":{"type":"collapsible_row","settings":{"heading":"¿Cómo funcionan los productos?","icon":"none","row_content":"<p>Debajo de cada página de producto hay un video descriptivo, también puede ver los videos en nuestra página de YouTube haciendo click <a href=\"https:\/\/www.youtube.com\/channel\/UCJzlfxYRNhVoTvz3B0LfHlg\" target=\"_blank\" title=\"Youtube Evita Inundarte\">aqui<\/a><\/p>","page":""}},"955ddc5b-ae4f-4bf6-bc84-d3a5de1f4698":{"type":"collapsible_row","settings":{"heading":"¿Se puede pagar a meses?","icon":"none","row_content":"<p>Si, se puede en quincenas a través de <em><strong>Aplazo<\/strong><\/em><em>, <\/em>solo hay que hacer click en el botón que dice \"<strong>conocer más<\/strong>\" en la página del producto, crear una cuenta y seguir los pasos.<\/p>","page":""}}},"block_order":["1656647846c8f107de-0","1656647846c8f107de-1","1656647846c8f107de-2","955ddc5b-ae4f-4bf6-bc84-d3a5de1f4698"],"settings":{"caption":"","heading":"Preguntas Frecuentes","heading_size":"h1","heading_alignment":"center","layout":"none","color_scheme":"background-1","container_color_scheme":"background-2","open_first_collapsible_row":false,"image_ratio":"adapt","desktop_layout":"image_second","padding_top":72,"padding_bottom":100}},"16570664753f06cc9d":{"type":"rich-text","blocks":{"16570664758da0d13e-0":{"type":"heading","settings":{"heading":"<p>Si la información fue útil<\/p>","heading_size":"h1"}},"16570664758da0d13e-1":{"type":"text","settings":{"text":"<p>Protege tu casa o negocio de la manera más práctica y sencilla. Elige el producto que más se adapte a tus necesidades.<\/p>"}},"16570664758da0d13e-2":{"type":"button","settings":{"button_label":"Ver productos","button_link":"shopify:\/\/collections\/all-products","button_style_secondary":false,"button_label_2":"","button_link_2":"","button_style_secondary_2":false}}},"block_order":["16570664758da0d13e-0","16570664758da0d13e-1","16570664758da0d13e-2"],"settings":{"desktop_content_position":"center","content_alignment":"center","color_scheme":"background-1","full_width":false,"padding_top":40,"padding_bottom":100,"custom_classes":"faq-rich-text"}}},"order":["main","16570662933183ce88","16566478468ff2e6e2","16570664753f06cc9d"]}