{"sections":{"main":{"type":"main-page","disabled":true,"settings":{"padding_top":36,"padding_bottom":36}},"1656627421c6ce7b35":{"type":"contact-page","settings":{"image":"shopify:\/\/shop_images\/Captura_de_Pantalla_2022-08-20_a_la_s_11.54.30_p.m..png","description":"¿Tienes preguntas o comentarios? Comunícate con nosotros","button_text":"Enviar mensaje","button_url":"https:\/\/cutt.ly\/afdR7d4","email":"contacto@diluvium.com.mx","phone":"(668) 241 9579","location":"Los Mochis, Sinaloa, México"}}},"order":["main","1656627421c6ce7b35"]}