{"sections":{"main":{"type":"main-product","blocks":{"title":{"type":"title","settings":{}},"dfb723ea-089e-4791-a6a4-088281693986":{"type":"shopify:\/\/apps\/loox-product-reviews-photos\/blocks\/loox-rating\/5c3b337f-fd14-4df5-b1d6-80ec13e6e28e","settings":{"contentSize":16,"pattern":"","hideText":false,"alignment":"","textColor":"","starColor":"","showAllReviews":false}},"price":{"type":"price","settings":{}},"caption":{"type":"text","settings":{"text":"Envío gratis de 3-5 días","text_style":"subtitle"}},"b785afc7-7eea-42e7-97fc-bb9fff138573":{"type":"text","settings":{"text":"Devolución gratis","text_style":"body"}},"8ab2accf-31bc-40a0-83a6-0308ff418104":{"type":"shopify:\/\/apps\/aplazo-banner\/blocks\/product-banner\/baf789e0-a296-4b10-bc87-11417720714b","settings":{"aplazo_theme":""}},"description":{"type":"description","settings":{}},"variant_picker":{"type":"variant_picker","settings":{"picker_type":"dropdown"}},"quantity_selector":{"type":"quantity_selector","settings":{}},"buy_buttons":{"type":"buy_buttons","settings":{"show_dynamic_checkout":false}},"collapsible-row-0":{"type":"collapsible_tab","disabled":true,"settings":{"heading":"Materials","icon":"leather","content":"","page":""}},"collapsible-row-1":{"type":"collapsible_tab","disabled":true,"settings":{"heading":"Shipping & Returns","icon":"truck","content":"","page":""}},"collapsible-row-2":{"type":"collapsible_tab","disabled":true,"settings":{"heading":"Dimensions","icon":"ruler","content":"","page":""}},"collapsible-row-3":{"type":"collapsible_tab","disabled":true,"settings":{"heading":"Care Instructions","icon":"heart","content":"","page":""}},"share":{"type":"share","settings":{"share_label":"Share"}}},"block_order":["title","dfb723ea-089e-4791-a6a4-088281693986","price","caption","b785afc7-7eea-42e7-97fc-bb9fff138573","8ab2accf-31bc-40a0-83a6-0308ff418104","description","variant_picker","quantity_selector","buy_buttons","collapsible-row-0","collapsible-row-1","collapsible-row-2","collapsible-row-3","share"],"settings":{"enable_sticky_info":true,"best_seller":false,"gallery_layout":"thumbnail_slider","media_size":"small","mobile_thumbnails":"show","hide_variants":true,"enable_video_looping":false,"padding_top":36,"padding_bottom":12}},"16560356898ae1145d":{"type":"tabs","blocks":{"d235d097-fcc3-4a2e-99e5-c107a98da6cf":{"type":"video","disabled":true,"settings":{"tab_title":"Descripción","heading":"Descubre cómo funciona:","cover_image":"shopify:\/\/shop_images\/WhatsApp_Image_2022-06-27_at_4.53.29_PM.jpg","video_url":"https:\/\/www.youtube.com\/watch?v=9P3ctFAvnVk","description":""}},"fe9f9e1b-e4da-42ea-9cf4-d5b0deed1ef0":{"type":"table","settings":{"tab_title":"Especificaciones"}}},"block_order":["d235d097-fcc3-4a2e-99e5-c107a98da6cf","fe9f9e1b-e4da-42ea-9cf4-d5b0deed1ef0"],"settings":{"title":""}},"1656463168c6737a5c":{"type":"rich-text","blocks":{"1656463168b8b77fe1-0":{"type":"heading","settings":{"heading":"<p>Características<\/p>","heading_size":"h1"}}},"block_order":["1656463168b8b77fe1-0"],"settings":{"desktop_content_position":"center","content_alignment":"center","color_scheme":"background-1","full_width":true,"padding_top":100,"padding_bottom":0,"custom_classes":""}},"1656462656c06642e9":{"type":"multicolumn","blocks":{"165646265633b5c9a9-0":{"type":"column","settings":{"image":"shopify:\/\/shop_images\/Group_240.png","title":"Se ajusta a tu tubería","text":"<p>La nueva Compuerta Anti-Inundaciones es ajustable al marco de tu casa o negocio, para sellar el contorno y bloquear el flujo de agua en pocos minutos.<\/p>","link_label":"","link":""}},"165646265633b5c9a9-1":{"type":"column","settings":{"image":"shopify:\/\/shop_images\/Group_240_1.png","title":"Resiste altas presiones","text":"<p>Es resistente a flujos fuertes de agua y golpes, está hecha de acero y funciona junto con una funda impermeable de neopreno. Te ayudará a sentirte protegido en temporadas de lluvia.<\/p>","link_label":"","link":""}},"165646265633b5c9a9-2":{"type":"column","settings":{"image":"shopify:\/\/shop_images\/Group_240_2.png","title":"Rápida instalación","text":"<p>Por su ligera estructura, cualquier persona puede colocarla en solo 10 minutos, sin dañar la entrada. Una vez pasa la inundación se retira en 5 minutos.<\/p>","link_label":"","link":""}}},"block_order":["165646265633b5c9a9-0","165646265633b5c9a9-1","165646265633b5c9a9-2"],"settings":{"title":"","heading_size":"h1","image_width":"third","enable_custom_image_width":false,"image_width_custom":80,"image_ratio":"adapt","columns_desktop":3,"column_alignment":"center","show_steps":false,"background_style":"none","button_label":"","button_link":"","color_scheme":"background-1","columns_mobile":"1","swipe_on_mobile":false,"padding_top":60,"padding_bottom":72}},"16564638133d8bcdd6":{"type":"rich-text","blocks":{"165646381384087eb7-0":{"type":"heading","settings":{"heading":"<p>Instalación<\/p>","heading_size":"h1"}}},"block_order":["165646381384087eb7-0"],"settings":{"desktop_content_position":"center","content_alignment":"center","color_scheme":"background-2","full_width":true,"padding_top":40,"padding_bottom":40,"custom_classes":""}},"16564633718cd2df1a":{"type":"multicolumn","blocks":{"1656463371c2701fbe-0":{"type":"column","settings":{"image":"shopify:\/\/shop_images\/Todos_tapones_copia_1.png","title":"Retira la tapadera de tu alcantarilla","text":"","link_label":"","link":""}},"1656463371c2701fbe-1":{"type":"column","settings":{"image":"shopify:\/\/shop_images\/Todos_tapones_copia_2.png","title":"Coloca el tapón inflable en la tubería","text":"","link_label":"","link":""}},"1656463371c2701fbe-2":{"type":"column","settings":{"image":"shopify:\/\/shop_images\/img.png","title":"Utiliza una bomba para inflar el tapón","text":"","link_label":"","link":""}},"6a4664e3-dabd-437a-8e7d-c6e083af3f36":{"type":"column","settings":{"image":"shopify:\/\/shop_images\/img_1.png","title":"¡Tubería sellada!","text":"","link_label":"","link":""}}},"block_order":["1656463371c2701fbe-0","1656463371c2701fbe-1","1656463371c2701fbe-2","6a4664e3-dabd-437a-8e7d-c6e083af3f36"],"settings":{"title":"","heading_size":"h1","image_width":"third","enable_custom_image_width":false,"image_width_custom":80,"image_ratio":"adapt","columns_desktop":4,"column_alignment":"center","show_steps":false,"background_style":"none","button_label":"","button_link":"","color_scheme":"background-2","columns_mobile":"1","swipe_on_mobile":false,"padding_top":36,"padding_bottom":24}},"16565335384e0f7fd9":{"type":"plug-table","settings":{"title":"Medidas y tamaños"}},"165559485661c51286":{"type":"multicolumn","blocks":{"165559485617fe707e-0":{"type":"column","settings":{"image":"shopify:\/\/shop_images\/entrega_1.png","title":"Envío Gratis","text":"<p>Recibe tu compra de 3 - 5 días hábiles<\/p>","link_label":"","link":""}},"165559485617fe707e-1":{"type":"column","settings":{"image":"shopify:\/\/shop_images\/garantia_2.png","title":"Garantía de funcionamiento","text":"<p>Todos nuestros productos tienen garantía<\/p>","link_label":"","link":""}},"165559485617fe707e-2":{"type":"column","settings":{"image":"shopify:\/\/shop_images\/tarjeta-de-credito.png","title":"Pago seguro","text":"<p>Protegemos tus datos en todo momento<\/p>","link_label":"","link":""}}},"block_order":["165559485617fe707e-0","165559485617fe707e-1","165559485617fe707e-2"],"settings":{"title":"","heading_size":"h1","image_width":"third","enable_custom_image_width":true,"image_width_custom":60,"image_ratio":"adapt","columns_desktop":3,"column_alignment":"center","show_steps":false,"background_style":"none","button_label":"","button_link":"","color_scheme":"accent-1","columns_mobile":"1","swipe_on_mobile":false,"padding_top":56,"padding_bottom":28}},"1655776452a9ea5d56":{"type":"collapsible-content","blocks":{"1655776452d145276a-1":{"type":"collapsible_row","settings":{"heading":"¿Cómo se que tamaño necesito?","icon":"none","row_content":"<p>Mide la anchura de la tubería que requieres bloquear, en caso de ser coladera se tiene que desatornillar la tapa para saber bien el tamaño que se va a requerir, en caso de ser tubería abierta hay que medir el diámetro.<\/p>","page":""}},"1655776452d145276a-2":{"type":"collapsible_row","settings":{"heading":"¿Qué incluye el paquete?","icon":"none","row_content":"<p>- Un tapón de goma anti inundaciones.<\/p>","page":""}},"1655776452d145276a-3":{"type":"collapsible_row","settings":{"heading":"¿Qué garantía tiene?","icon":"none","row_content":"<p>En nuestras pruebas hemos comprobado que en condiciones óptimas, con superficies rectas y lisas, retiene hasta el 100% del flujo de agua.<br\/><\/p><p>Garantía de devolución de 30 días, reembolso del 100%, sin preguntas.<br\/><br\/>Garantía de 3 meses por defecto de fábrica<\/p>","page":""}},"1655776452d145276a-0":{"type":"collapsible_row","settings":{"heading":"¿Cómo funcionan los envíos?","icon":"none","row_content":"<p>Los envíos son gratis a partir de $499, si es inferior de esa cantidad se calcula en la sección de pagos. Los envíos tardan 2-5 días hábiles<\/p>","page":""}}},"block_order":["1655776452d145276a-1","1655776452d145276a-2","1655776452d145276a-3","1655776452d145276a-0"],"settings":{"caption":"","heading":"Preguntas Frecuentes","heading_size":"h1","heading_alignment":"center","layout":"none","color_scheme":"background-1","container_color_scheme":"background-2","open_first_collapsible_row":false,"image_ratio":"adapt","desktop_layout":"image_second","padding_top":72,"padding_bottom":64}},"product-recommendations":{"type":"product-recommendations","disabled":true,"settings":{"heading":"You may also like","heading_size":"h2","products_to_show":4,"columns_desktop":4,"color_scheme":"background-1","image_ratio":"square","show_secondary_image":true,"show_vendor":false,"show_rating":false,"columns_mobile":"2","padding_top":36,"padding_bottom":28}},"166434076903bde8b7":{"type":"rich-text","blocks":{"16643407693d73c33e-0":{"type":"heading","settings":{"heading":"<p>Opiniones de clientes<\/p>","heading_size":"h1"}}},"block_order":["16643407693d73c33e-0"],"settings":{"desktop_content_position":"center","content_alignment":"center","color_scheme":"background-1","full_width":true,"padding_top":40,"padding_bottom":52,"custom_classes":""}},"165776379493c9f2c6":{"type":"apps","blocks":{"c9fcac95-778d-4a8e-b329-24eb6053a0d3":{"type":"shopify:\/\/apps\/loox-product-reviews-photos\/blocks\/loox-dynamic-section\/5c3b337f-fd14-4df5-b1d6-80ec13e6e28e","settings":{"only_photos":false,"aggregated":false,"limit":20,"hide_thumbnails":false,"maxwidth":1080}}},"block_order":["c9fcac95-778d-4a8e-b329-24eb6053a0d3"],"settings":{"include_margins":true}}},"order":["main","16560356898ae1145d","1656463168c6737a5c","1656462656c06642e9","16564638133d8bcdd6","16564633718cd2df1a","16565335384e0f7fd9","165559485661c51286","1655776452a9ea5d56","product-recommendations","166434076903bde8b7","165776379493c9f2c6"]}