{"sections":{"main":{"type":"main-product","blocks":{"title":{"type":"title","settings":{}},"e3a2b7ae-f789-4057-b3d4-c453639afd70":{"type":"shopify:\/\/apps\/loox-product-reviews-photos\/blocks\/loox-rating\/5c3b337f-fd14-4df5-b1d6-80ec13e6e28e","settings":{"contentSize":16,"pattern":"","hideText":false,"alignment":"","textColor":"","starColor":"","showAllReviews":false}},"price":{"type":"price","settings":{}},"loox-rating":{"type":"shopify:\/\/apps\/loox-product-reviews-photos\/blocks\/loox-rating\/5c3b337f-fd14-4df5-b1d6-80ec13e6e28e","settings":{"contentSize":16,"pattern":"","hideText":false,"alignment":"","textColor":"","starColor":"","showAllReviews":false}},"f39a51c4-3a5b-4271-ad7e-24c2f4e070d0":{"type":"text","settings":{"text":"Envío gratis de 3-5 días","text_style":"body"}},"d69ddf8a-f19d-49ea-9579-6fb9234eddab":{"type":"text","settings":{"text":"Devolución gratis","text_style":"body"}},"71610363-ac88-4de7-a50f-b9d48be62672":{"type":"shopify:\/\/apps\/aplazo-banner\/blocks\/product-banner\/baf789e0-a296-4b10-bc87-11417720714b","settings":{"aplazo_theme":""}},"description":{"type":"description","settings":{}},"variant_picker":{"type":"variant_picker","settings":{"picker_type":"dropdown"}},"quantity_selector":{"type":"quantity_selector","settings":{}},"buy_buttons":{"type":"buy_buttons","settings":{"show_dynamic_checkout":false}},"collapsible-row-0":{"type":"collapsible_tab","disabled":true,"settings":{"heading":"Materials","icon":"leather","content":"","page":""}},"collapsible-row-1":{"type":"collapsible_tab","disabled":true,"settings":{"heading":"Shipping & Returns","icon":"truck","content":"","page":""}},"collapsible-row-2":{"type":"collapsible_tab","disabled":true,"settings":{"heading":"Dimensions","icon":"ruler","content":"","page":""}},"collapsible-row-3":{"type":"collapsible_tab","disabled":true,"settings":{"heading":"Care Instructions","icon":"heart","content":"","page":""}},"share":{"type":"share","settings":{"share_label":"Share"}}},"block_order":["title","e3a2b7ae-f789-4057-b3d4-c453639afd70","price","loox-rating","f39a51c4-3a5b-4271-ad7e-24c2f4e070d0","d69ddf8a-f19d-49ea-9579-6fb9234eddab","71610363-ac88-4de7-a50f-b9d48be62672","description","variant_picker","quantity_selector","buy_buttons","collapsible-row-0","collapsible-row-1","collapsible-row-2","collapsible-row-3","share"],"settings":{"enable_sticky_info":true,"best_seller":false,"gallery_layout":"thumbnail_slider","media_size":"medium","mobile_thumbnails":"show","hide_variants":true,"enable_video_looping":false,"padding_top":36,"padding_bottom":12}},"16643409238e579372":{"type":"rich-text","disabled":true,"blocks":{"1664340923cef96010-0":{"type":"heading","settings":{"heading":"<p>Opiniones de clientes<\/p>","heading_size":"h1"}}},"block_order":["1664340923cef96010-0"],"settings":{"desktop_content_position":"center","content_alignment":"center","color_scheme":"background-1","full_width":true,"padding_top":40,"padding_bottom":52,"custom_classes":""}},"loox-product-reviews-app-section":{"type":"apps","disabled":true,"blocks":{"loox-product-reviews":{"type":"shopify:\/\/apps\/loox-product-reviews-photos\/blocks\/loox-dynamic-section\/5c3b337f-fd14-4df5-b1d6-80ec13e6e28e","settings":{"only_photos":false,"aggregated":false,"limit":20,"hide_thumbnails":false,"maxwidth":1080}}},"block_order":["loox-product-reviews"],"settings":{"include_margins":false}},"product-recommendations":{"type":"product-recommendations","settings":{"heading":"Productos relacionados","heading_size":"h2","products_to_show":4,"columns_desktop":4,"color_scheme":"background-1","image_ratio":"square","show_secondary_image":true,"show_vendor":false,"show_rating":false,"columns_mobile":"2","padding_top":36,"padding_bottom":28}},"165559400461daea26":{"type":"image-with-text","disabled":true,"blocks":{"1655594004156d2dbc-0":{"type":"heading","settings":{"heading":"Image with text","heading_size":"h1"}},"1655594004156d2dbc-1":{"type":"text","settings":{"text":"<p>Pair text with an image to focus on your chosen product, collection, or blog post. Add details on availability, style, or even provide a review.<\/p>","text_style":"body"}},"1655594004156d2dbc-2":{"type":"button","settings":{"button_label":"Button label","button_link":""}}},"block_order":["1655594004156d2dbc-0","1655594004156d2dbc-1","1655594004156d2dbc-2"],"settings":{"background_color":"#ffffff","height":"adapt","desktop_image_width":"medium","layout":"image_first","desktop_content_position":"top","desktop_content_alignment":"left","content_layout":"no-overlap","mobile_content_alignment":"left","padding_top":36,"padding_bottom":36,"classes":""}}},"order":["main","16643409238e579372","loox-product-reviews-app-section","product-recommendations","165559400461daea26"]}