{"sections":{"main":{"type":"main-product","blocks":{"title":{"type":"title","settings":{}},"7ce99c0a-da5f-4d50-8956-fec260c32935":{"type":"shopify:\/\/apps\/loox-product-reviews-photos\/blocks\/loox-rating\/5c3b337f-fd14-4df5-b1d6-80ec13e6e28e","settings":{}},"price":{"type":"price","settings":{}},"a835acf8-678f-49cc-8ac1-eee5aa06cd80":{"type":"text","settings":{"text":"{{ product.metafields.custom.envio.value }}","text_style":"body"}},"09721142-1dde-4157-8ba2-0cbd63d82916":{"type":"text","settings":{"text":"Devolución gratis","text_style":"body"}},"b6f65430-cae8-4367-af46-669c7e73d8ff":{"type":"shopify:\/\/apps\/aplazo-banner\/blocks\/product-banner\/baf789e0-a296-4b10-bc87-11417720714b","settings":{"aplazo_theme":""}},"description":{"type":"description","settings":{}},"variant_picker":{"type":"variant_picker","settings":{"picker_type":"dropdown"}},"71ca7a88-0289-46b4-9df0-f0debd8916a9":{"type":"custom_liquid","settings":{"custom_liquid":"<a style=\"color:#09569a;display:inline-block;margin-top:0;font-size:1.4rem;\" href=\"#dimensiones\">Qué tamaño necesito?<\/a>"}},"quantity_selector":{"type":"quantity_selector","settings":{}},"buy_buttons":{"type":"buy_buttons","settings":{"show_dynamic_checkout":false}}},"block_order":["title","7ce99c0a-da5f-4d50-8956-fec260c32935","price","a835acf8-678f-49cc-8ac1-eee5aa06cd80","09721142-1dde-4157-8ba2-0cbd63d82916","b6f65430-cae8-4367-af46-669c7e73d8ff","description","variant_picker","71ca7a88-0289-46b4-9df0-f0debd8916a9","quantity_selector","buy_buttons"],"settings":{"enable_sticky_info":true,"best_seller":false,"gallery_layout":"thumbnail_slider","media_size":"small","mobile_thumbnails":"show","hide_variants":true,"enable_video_looping":false,"padding_top":36,"padding_bottom":12}},"16560356898ae1145d":{"type":"tabs","blocks":{"d235d097-fcc3-4a2e-99e5-c107a98da6cf":{"type":"video","settings":{"tab_title":"Descripción","heading":"Instálala en unos cuantos minutos","cover_image":"shopify:\/\/shop_images\/Copia_de_Portada_Youtube_1.png","video_url":"https:\/\/youtu.be\/h4jiFXE5AFQ","description":""}},"fe9f9e1b-e4da-42ea-9cf4-d5b0deed1ef0":{"type":"table","settings":{"tab_title":"Especificaciones"}}},"block_order":["d235d097-fcc3-4a2e-99e5-c107a98da6cf","fe9f9e1b-e4da-42ea-9cf4-d5b0deed1ef0"],"settings":{"title":""}},"16558473034b3491c8":{"type":"features-slideshow","blocks":{"20dba327-a350-405d-9467-9fd87bc5c3a7":{"type":"slide","settings":{"image":"shopify:\/\/shop_images\/Reemplazo_GIF_1.jpg","video":"https:\/\/cdn.shopify.com\/videos\/c\/o\/v\/efd12cd740734c9b9c1a67c14a663e96.mp4","title":"¡Olvídate de los molestos sacos de arena!","text":"Por su diseño cualquier persona la puede instalar de manera sencilla, en tan sólo 10 minutos estarás protegido ante inundaciones."}},"471c4eb6-4b69-47cd-b350-78620f01814a":{"type":"slide","settings":{"image":"shopify:\/\/shop_images\/Reemplazo_GIF_2.jpg","video":"https:\/\/cdn.shopify.com\/videos\/c\/o\/v\/7ffe973c8b3c4138ae324c643091d467.mp4","title":"Ni una gota de agua entrará a tu hogar o negocio","text":"Hecha especialmente para resistir flujos de hasta 50cm de agua y fuertes golpes."}},"cb459b7a-b41f-44ff-8a0d-4523569bdb22":{"type":"slide","settings":{"image":"shopify:\/\/shop_images\/Reemplazo_GIF_3.jpg","video":"https:\/\/cdn.shopify.com\/videos\/c\/o\/v\/f40730b0216243b99969eb340c33853b.mp4","title":"Se adapta a tu entrada","text":"Gracias a su diseño, la compuerta se expande hasta sellar por completo el contorno de tu entrada, bloqueando totalmente el paso de agua de manera sencilla."}}},"block_order":["20dba327-a350-405d-9467-9fd87bc5c3a7","471c4eb6-4b69-47cd-b350-78620f01814a","cb459b7a-b41f-44ff-8a0d-4523569bdb22"],"custom_css":[],"settings":{"title":"Conóce sus beneficios"}},"165559400461daea26":{"type":"image-with-text","blocks":{"1655594004156d2dbc-0":{"type":"heading","settings":{"heading":"La solución definitiva ante inundaciones","heading_size":"h1"}},"1655594004156d2dbc-1":{"type":"text","settings":{"text":"<p>Sabemos lo mucho que valoras tus pertenencias...<\/p><p>No dejes que la temporada de lluvias dañe tu hogar como cada año.<\/p><p>Esta compuerta bloquea las  entradas de agua y le da una solución definitiva a este problema, protegiendo tu hogar ante inundaciones durante años.<\/p>","text_style":"body"}}},"block_order":["1655594004156d2dbc-0","1655594004156d2dbc-1"],"settings":{"image":"shopify:\/\/shop_images\/Frame_248_ligero.png","background_color":"#f3f3f3","height":"adapt","desktop_image_width":"medium","layout":"text_first","desktop_content_position":"top","desktop_content_alignment":"left","content_layout":"no-overlap","mobile_content_alignment":"left","padding_top":56,"padding_bottom":56,"classes":"una-inversion"}},"1655783509fd547d55":{"type":"table-best-option","settings":{"title":"¿Por qué somos tu mejor opción?"}},"165559473408662c2f":{"type":"rich-text","blocks":{"1655594734f376aa80-0":{"type":"heading","settings":{"heading":"<p>¿Cómo elegir el<br\/>tamaño adecuado?<\/p>","heading_size":"h1"}}},"block_order":["1655594734f376aa80-0"],"settings":{"desktop_content_position":"center","content_alignment":"center","color_scheme":"background-1","full_width":true,"padding_top":64,"padding_bottom":20,"custom_classes":""}},"1655594475ae361a70":{"type":"image-with-text","blocks":{"1655594475e20eb0b0-0":{"type":"heading","disabled":true,"settings":{"heading":"¿Qué medida necesito?","heading_size":"h1"}},"1655594475e20eb0b0-1":{"type":"text","settings":{"text":"<p><strong>1.<\/strong> Mide el ancho de tu entrada en <strong>cm<\/strong>.<\/p><p><strong>2<\/strong>. Asegúrate de dejar un espacio de <strong>5cm<\/strong> para  ajustarla correctamente<\/p><p><strong>3<\/strong>. El marco debe de ser lo sufiiente firme para soportar la presión y que la compuerta pueda sellar. <\/p><p><strong>4.<\/strong> En la mayoría de los casos, si la puerta abre hacia adentro, la compuerta se instala afuera, y si la puerta abre hacia afuera, la compuerta coloca adentro.<\/p>","text_style":"body"}}},"block_order":["1655594475e20eb0b0-0","1655594475e20eb0b0-1"],"settings":{"image":"shopify:\/\/shop_images\/Ancho_de_tu_entrada_compuerta.png","background_color":"#ffffff","height":"adapt","desktop_image_width":"medium","layout":"image_first","desktop_content_position":"middle","desktop_content_alignment":"left","content_layout":"no-overlap","mobile_content_alignment":"left","padding_top":36,"padding_bottom":36,"classes":"que-medida-necesito"}},"1656190944597c906e":{"type":"dimensions-with-image","settings":{"image_title":"Dimensiones","image":"shopify:\/\/shop_images\/Frame_168.png"}},"165559485661c51286":{"type":"multicolumn","blocks":{"165559485617fe707e-0":{"type":"column","settings":{"image":"shopify:\/\/shop_images\/entrega_1.png","title":"Envíos Gratis","text":"<p>Recibe tu producto sin costo en pedidos mayores a $499<\/p>","link_label":"","link":""}},"165559485617fe707e-1":{"type":"column","settings":{"image":"shopify:\/\/shop_images\/garantia_2.png","title":"Garantía de funcionamiento","text":"<p>Todos nuestros están grantizados <\/p><p>por 4 años<\/p>","link_label":"","link":""}},"165559485617fe707e-2":{"type":"column","settings":{"image":"shopify:\/\/shop_images\/tarjeta-de-credito.png","title":"Compra Segura","text":"<p>Protegemos tus datos personales  en todo momento<\/p>","link_label":"","link":""}}},"block_order":["165559485617fe707e-0","165559485617fe707e-1","165559485617fe707e-2"],"settings":{"title":"","heading_size":"h1","image_width":"third","enable_custom_image_width":true,"image_width_custom":50,"image_ratio":"adapt","columns_desktop":3,"column_alignment":"center","show_steps":false,"background_style":"primary","button_label":"","button_link":"","color_scheme":"accent-1","columns_mobile":"1","swipe_on_mobile":true,"padding_top":36,"padding_bottom":28}},"1655776452a9ea5d56":{"type":"collapsible-content","blocks":{"1655776452d145276a-1":{"type":"collapsible_row","settings":{"heading":"¿Cómo se en dónde colocarla?","icon":"none","row_content":"<p>Mida la anchura del lugar donde se necesita bloquear, normalmente se encuentra en el mismo marco de la puerta, puede ser de madera o metal, también puede colocarse en paredes de concreto, recomendamos quitar cualquier zoclo o imperfección del marco, dejarlo lo más plano posible para un mejor sello.<\/p><p>Verifique que la anchura coincida con las medidas de ancho de la compuerta.<\/p>","page":""}},"1655776452d145276a-2":{"type":"collapsible_row","settings":{"heading":"¿Qué incluye el paquete?","icon":"none","row_content":"<ul><li>Una compuerta de acero<\/li><li>Una funda de neopreno a la medida<\/li><li>Una llave para instalación rápida<\/li><li>Una tira de hule empaque<\/li><li>Plastilina de secado rápido<\/li><\/ul>","page":""}},"1655776452d145276a-3":{"type":"collapsible_row","settings":{"heading":"¿Qué garantía tiene?","icon":"none","row_content":"<p>Garantizamos 4 años de funcionamiento. <\/p><p>En nuestras pruebas hemos comprobado que en condiciones óptimas, con superficies rectas y lisas, retiene hasta el 100% del flujo de agua a 50cm de altura.<\/p><p>Garantía de devolución de 30 días después de entrega.<\/p>","page":""}},"1655776452d145276a-0":{"type":"collapsible_row","settings":{"heading":"¿Cómo funcionan los envíos?","icon":"none","row_content":"<p>Se envía por paquetería terrestre a través de Estafeta, FedEx, DHL o Paquetexpress, dependiendo del destino. Los envíos son gratis a partir de $499<\/p>","page":""}},"d5f758db-7520-4ce3-9f3e-57e59eda4e00":{"type":"collapsible_row","settings":{"heading":"¿Cómo funcionan las devoluciones?","icon":"none","row_content":"<p>En caso de que la compuerta que pediste no sea el tamaño que necesita tu entrada, puedes ponerte en contacto con nosotros a través de whatsapp <a href=\"https:\/\/wa.link\/0wtdpq\" title=\"https:\/\/wa.link\/0wtdpq\">aqui<\/a> y te enviaremos el tamaño correcto, el envío de devolución corre por parte de cliente y el envío de la nueva compuerta corre por parte de la empresa.<\/p><p>En caso de devolución y reembolso de la inversión, el envío de devolución corre por parte del cliente, el cual se puede descontar del monto a reembolsar, puede contactarnos <a href=\"https:\/\/wa.link\/0wtdpq\" title=\"https:\/\/wa.link\/0wtdpq\">aqui<\/a> en caso de requerir devoluciones.<\/p>","page":""}}},"block_order":["1655776452d145276a-1","1655776452d145276a-2","1655776452d145276a-3","1655776452d145276a-0","d5f758db-7520-4ce3-9f3e-57e59eda4e00"],"settings":{"caption":"","heading":"Preguntas Frecuentes","heading_size":"h1","heading_alignment":"center","layout":"none","color_scheme":"background-1","container_color_scheme":"background-2","open_first_collapsible_row":false,"image_ratio":"adapt","desktop_layout":"image_second","padding_top":68,"padding_bottom":32}},"product-recommendations":{"type":"product-recommendations","disabled":true,"settings":{"heading":"You may also like","heading_size":"h2","products_to_show":4,"columns_desktop":4,"color_scheme":"background-1","image_ratio":"square","show_secondary_image":true,"show_vendor":false,"show_rating":false,"columns_mobile":"2","padding_top":36,"padding_bottom":28}},"1664340857518656b8":{"type":"rich-text","blocks":{"1664340857391c8213-0":{"type":"heading","settings":{"heading":"<p>Opiniones de nuestros clientes<\/p>","heading_size":"h1"}}},"block_order":["1664340857391c8213-0"],"settings":{"desktop_content_position":"center","content_alignment":"center","color_scheme":"background-1","full_width":true,"padding_top":40,"padding_bottom":52,"custom_classes":""}},"1657763808b3f8b86d":{"type":"apps","blocks":{"f287ced9-b804-4d66-ab5e-e61fdb53c0c3":{"type":"shopify:\/\/apps\/loox-product-reviews-photos\/blocks\/loox-dynamic-section\/5c3b337f-fd14-4df5-b1d6-80ec13e6e28e","settings":{"only_photos":false,"aggregated":false,"limit":10,"hide_thumbnails":false,"maxwidth":1080}}},"block_order":["f287ced9-b804-4d66-ab5e-e61fdb53c0c3"],"settings":{"include_margins":true}}},"order":["main","16560356898ae1145d","16558473034b3491c8","165559400461daea26","1655783509fd547d55","165559473408662c2f","1655594475ae361a70","1656190944597c906e","165559485661c51286","1655776452a9ea5d56","product-recommendations","1664340857518656b8","1657763808b3f8b86d"]}