{"sections":{"main":{"type":"main-product","blocks":{"title":{"type":"title","settings":{}},"26285025-1044-4412-9896-e6c8ebddc0d6":{"type":"shopify:\/\/apps\/loox-product-reviews-photos\/blocks\/loox-rating\/5c3b337f-fd14-4df5-b1d6-80ec13e6e28e","settings":{"contentSize":16,"pattern":"","hideText":false,"alignment":"","textColor":"","starColor":"","showAllReviews":false}},"caption":{"type":"text","settings":{"text":"{{ product.metafields.descriptors.subtitle.value }}","text_style":"subtitle"}},"price":{"type":"price","settings":{}},"eb827206-f3cd-4d48-ba5e-6754c6bbe302":{"type":"text","settings":{"text":"Envío gratis de 3-5 días","text_style":"body"}},"7be64ab0-6130-4c48-bd59-f144591f43be":{"type":"text","settings":{"text":"Devolución gratis","text_style":"body"}},"2cb8fda7-4d69-4387-9235-9043c9f332d7":{"type":"shopify:\/\/apps\/aplazo-banner\/blocks\/product-banner\/baf789e0-a296-4b10-bc87-11417720714b","disabled":true,"settings":{"aplazo_theme":""}},"description":{"type":"description","settings":{}},"c780f898-3acc-4e40-9b38-a6d9c1e23547":{"type":"text","settings":{"text":"","text_style":"subtitle"}},"1c000106-e877-4e43-915e-8f2f24148089":{"type":"whatsapp_button","settings":{"button_title":"Haz tu pedido por Whatsapp","button_text":"Hacer pedido","button_url":"https:\/\/cutt.ly\/afdR7d4"}},"buy_buttons":{"type":"buy_buttons","disabled":true,"settings":{"show_dynamic_checkout":false}}},"block_order":["title","26285025-1044-4412-9896-e6c8ebddc0d6","caption","price","eb827206-f3cd-4d48-ba5e-6754c6bbe302","7be64ab0-6130-4c48-bd59-f144591f43be","2cb8fda7-4d69-4387-9235-9043c9f332d7","description","c780f898-3acc-4e40-9b38-a6d9c1e23547","1c000106-e877-4e43-915e-8f2f24148089","buy_buttons"],"settings":{"enable_sticky_info":true,"best_seller":false,"gallery_layout":"thumbnail_slider","media_size":"small","mobile_thumbnails":"show","hide_variants":true,"enable_video_looping":false,"padding_top":36,"padding_bottom":12}},"16560356898ae1145d":{"type":"tabs","blocks":{"d235d097-fcc3-4a2e-99e5-c107a98da6cf":{"type":"video","settings":{"tab_title":"Descripción","heading":"Instálala en unos cuantos minutos","cover_image":"shopify:\/\/shop_images\/Banner_youtube_ME.png","video_url":"https:\/\/www.youtube.com\/watch?v=9tguCtfsQ5g","description":""}},"fe9f9e1b-e4da-42ea-9cf4-d5b0deed1ef0":{"type":"table","settings":{"tab_title":"Especificaciones"}}},"block_order":["d235d097-fcc3-4a2e-99e5-c107a98da6cf","fe9f9e1b-e4da-42ea-9cf4-d5b0deed1ef0"],"settings":{"title":""}},"16558473034b3491c8":{"type":"features-slideshow","blocks":{"20dba327-a350-405d-9467-9fd87bc5c3a7":{"type":"slide","settings":{"image":"shopify:\/\/shop_images\/Reemplazo_GIF_1.jpg","video":"https:\/\/cdn.shopify.com\/videos\/c\/o\/v\/304ab6ea10224d82888306cd035ae743.mp4","title":"Deja tu entrada intacta","text":"Por su ligera estructura, cualquiea puede colocarla en solo 10 minutos sin dañar la entrada. Ya no son necesarios los sacos de arena."}},"471c4eb6-4b69-47cd-b350-78620f01814a":{"type":"slide","settings":{"image":"shopify:\/\/shop_images\/Reemplazo_GIF_2.jpg","video":"https:\/\/cdn.shopify.com\/videos\/c\/o\/v\/7ffe973c8b3c4138ae324c643091d467.mp4","title":"Completamente impermeable","text":"Hecha especialmente para que no pase ni una sola gota, es resistente a flujos fuertes de agua, te ayudará a estar protegido."}},"cb459b7a-b41f-44ff-8a0d-4523569bdb22":{"type":"slide","settings":{"image":"shopify:\/\/shop_images\/Reemplazo_GIF_3.jpg","video":"https:\/\/cdn.shopify.com\/videos\/c\/o\/v\/d0a0eb501191432ea4bb6c53089de72b.mp4","title":"Se ajusta a tu entrada","text":"Se expande hasta 12cm para adaptarse al marco de tu casa o negocio, para sellar el contorno y bloquear el flujo de agua en pocos minutos."}}},"block_order":["20dba327-a350-405d-9467-9fd87bc5c3a7","471c4eb6-4b69-47cd-b350-78620f01814a","cb459b7a-b41f-44ff-8a0d-4523569bdb22"],"settings":{"title":"Conoce sus beneficios"}},"165559400461daea26":{"type":"image-with-text","blocks":{"1655594004156d2dbc-0":{"type":"heading","settings":{"heading":"Protégete de una vez por todas","heading_size":"h1"}},"1655594004156d2dbc-1":{"type":"text","settings":{"text":"<p>Sabemos lo mucho que valoras tus pertenencias, no queremos que una lluvia fuerte las afecte, es por eso que hemos reunido lo necesario para que puedas protegerte por años.<\/p><p>Bloquea las posibles entradas de agua en tu casa o negocio y <strong>evita daños en tus muebles, piso, paredes y aparatos eléctricos.<\/strong><\/p>","text_style":"body"}}},"block_order":["1655594004156d2dbc-0","1655594004156d2dbc-1"],"settings":{"image":"shopify:\/\/shop_images\/Frame_133.png","background_color":"#f3f3f3","height":"adapt","desktop_image_width":"medium","layout":"text_first","desktop_content_position":"middle","desktop_content_alignment":"left","content_layout":"no-overlap","mobile_content_alignment":"left","padding_top":56,"padding_bottom":56,"classes":""}},"165559473408662c2f":{"type":"rich-text","blocks":{"1655594734f376aa80-0":{"type":"heading","settings":{"heading":"<p>Medidas y tamaños<\/p>","heading_size":"h1"}}},"block_order":["1655594734f376aa80-0"],"settings":{"desktop_content_position":"center","content_alignment":"center","color_scheme":"background-1","full_width":true,"padding_top":68,"padding_bottom":20,"custom_classes":""}},"165716063999bb9fa9":{"type":"image-with-text","blocks":{"16571606398787ac75-0":{"type":"heading","settings":{"heading":"¿Qué medida necesito?","heading_size":"h2"}},"16571606398787ac75-1":{"type":"text","settings":{"text":"<p>Mide el marco de tu entrada donde será colocada la compuerta, asegúrate que tengas espacio para poder ajustarla.<\/p><p>El marco donde se coloca puede ser de madera, concreto o metal,  debe de ser firme para que la compuerta pueda ejercer presión y sellar. <\/p><p>Contáctanos para saber la anchura de tu entrada, empezar a producir tu compuerta y mandártela cuando esté lista.<\/p>","text_style":"body"}}},"block_order":["16571606398787ac75-0","16571606398787ac75-1"],"settings":{"image":"shopify:\/\/shop_images\/ancho_de_entrada_ME_bueno.png","background_color":"#ffffff","height":"adapt","desktop_image_width":"medium","layout":"image_first","desktop_content_position":"middle","desktop_content_alignment":"left","content_layout":"no-overlap","mobile_content_alignment":"left","padding_top":36,"padding_bottom":92,"classes":""}},"1655783509fd547d55":{"type":"table-best-option","settings":{"title":"¿Por qué somos tu mejor opción?"}},"165559485661c51286":{"type":"multicolumn","blocks":{"165559485617fe707e-0":{"type":"column","settings":{"image":"shopify:\/\/shop_images\/entrega_1.png","title":"Envío Gratis","text":"<p>Recibe tu compra de 3 - 5 días hábiles<\/p>","link_label":"","link":""}},"165559485617fe707e-1":{"type":"column","settings":{"image":"shopify:\/\/shop_images\/garantia_2.png","title":"Garantía de funcionamiento","text":"<p>Todos nuestros productos tienen garantía<\/p>","link_label":"","link":""}},"165559485617fe707e-2":{"type":"column","settings":{"image":"shopify:\/\/shop_images\/tarjeta-de-credito.png","title":"Pago seguro","text":"<p>Protegemos tus datos en todo momento<\/p>","link_label":"","link":""}}},"block_order":["165559485617fe707e-0","165559485617fe707e-1","165559485617fe707e-2"],"settings":{"title":"","heading_size":"h1","image_width":"third","enable_custom_image_width":true,"image_width_custom":60,"image_ratio":"adapt","columns_desktop":3,"column_alignment":"center","show_steps":false,"background_style":"none","button_label":"","button_link":"","color_scheme":"accent-1","columns_mobile":"1","swipe_on_mobile":false,"padding_top":56,"padding_bottom":28}},"1655776452a9ea5d56":{"type":"collapsible-content","blocks":{"1655776452d145276a-1":{"type":"collapsible_row","settings":{"heading":"¿Cómo se que tamaño necesito?","icon":"none","row_content":"<p>Mida la anchura del lugar donde se necesita bloquear, normalmente se encuentra en el mismo marco de la puerta, también puede colocarse entre 2 paredes firmes, verifique que la anchura coincida con las medidas de ancho de la compuerta.<br\/><\/p><p>Recomendamos quitar cualquier zoclo o imperfección del marco. Dejarlo lo más plano posible.<\/p>","page":""}},"1655776452d145276a-2":{"type":"collapsible_row","settings":{"heading":"¿Qué incluye el paquete?","icon":"none","row_content":"<p>- Una compuerta de acero<br\/>- Una funda elástica<br\/>- Una llave para instalación rápida<br\/>- Una tira de hule<\/p>","page":""}},"1655776452d145276a-3":{"type":"collapsible_row","settings":{"heading":"¿Qué garantía tiene?","icon":"none","row_content":"<p>En nuestras pruebas hemos comprobado que en condiciones óptimas, con superficies rectas y lisas, retiene hasta el 100% del flujo de agua.<br\/><\/p><p>Garantía de devolución de 30 días, reembolso del 100%, sin preguntas.<br\/><br\/>Garantía de 3 meses por defecto de fábrica<\/p>","page":""}},"1655776452d145276a-0":{"type":"collapsible_row","settings":{"heading":"¿Cómo funcionan los envíos?","icon":"none","row_content":"<p>Los envíos son gratis a partir de $499<\/p>","page":""}}},"block_order":["1655776452d145276a-1","1655776452d145276a-2","1655776452d145276a-3","1655776452d145276a-0"],"settings":{"caption":"","heading":"Preguntas Frecuentes","heading_size":"h1","heading_alignment":"center","layout":"none","color_scheme":"background-1","container_color_scheme":"background-2","open_first_collapsible_row":false,"image_ratio":"adapt","desktop_layout":"image_second","padding_top":100,"padding_bottom":100}},"product-recommendations":{"type":"product-recommendations","disabled":true,"settings":{"heading":"You may also like","heading_size":"h2","products_to_show":4,"columns_desktop":4,"color_scheme":"background-1","image_ratio":"square","show_secondary_image":true,"show_vendor":false,"show_rating":false,"columns_mobile":"2","padding_top":36,"padding_bottom":28}},"166434100782b2d78f":{"type":"rich-text","blocks":{"16643410079bbf8cf9-0":{"type":"heading","settings":{"heading":"<p>Opiniones de clientes<\/p>","heading_size":"h1"}}},"block_order":["16643410079bbf8cf9-0"],"settings":{"desktop_content_position":"center","content_alignment":"center","color_scheme":"background-1","full_width":true,"padding_top":40,"padding_bottom":52,"custom_classes":""}},"165776376430376b0d":{"type":"apps","blocks":{"565d4c6b-9000-430c-8fb6-03d5092245af":{"type":"shopify:\/\/apps\/loox-product-reviews-photos\/blocks\/loox-dynamic-section\/5c3b337f-fd14-4df5-b1d6-80ec13e6e28e","settings":{"only_photos":false,"aggregated":false,"limit":20,"hide_thumbnails":false,"maxwidth":1080}}},"block_order":["565d4c6b-9000-430c-8fb6-03d5092245af"],"settings":{"include_margins":true}}},"order":["main","16560356898ae1145d","16558473034b3491c8","165559400461daea26","165559473408662c2f","165716063999bb9fa9","1655783509fd547d55","165559485661c51286","1655776452a9ea5d56","product-recommendations","166434100782b2d78f","165776376430376b0d"]}